"","ID","artif","available","unavailable","munic","kommunenummer","artifshare","municipality","pop","popdens","pop_2050","popdens_2050","popdens_chg","popdens_chg_rel","artifshare_chg","artifshare_2050","artif_2050","artif_chg","elig_tld"
"1","1",1217,32501,22087,"Vestnes","1535",0.0374450016922556,"1535 Vestnes",7147,21.990092612535,7079,21.780868280976,-0.209224331559032,-0.951448160067173,-0.000170822276306184,0.0372741794159494,1211,0,100
"2","2",4022,31955,6330,"TÃ¸nsberg","3905",0.125864496948834,"3905 Tønsberg",59174,185.179158191206,66892,209.331872946331,24.1527147551244,13.0428904586474,0.0150205815507044,0.140885078499539,4502,480,17.1817283630371
"3","3",1190,43169,42816,"Flekkefjord","4207",0.0275660775093238,"4207 Flekkefjord",9279,21.4945910259677,9076,21.0243461743381,-0.470244851629641,-2.18773574738657,-0.000384333880417035,0.0271817436289068,1173,0,100
"4","4",874,19676,5598,"Skaun","5029",0.0444195974791624,"5029 Skaun",8484,43.1185200243952,9947,50.5539743850376,7.43545436064241,17.2442244224423,0.00582647717285671,0.0502460746520191,989,115,6.35334396362305
"5","5",547,68108,200144,"KvÃ¦nangen","5546",0.00803136195454279,"5546 Kvænangen",1157,1.69877253773419,1245,1.8279790920303,0.129206554296118,7.60587726879863,0.000109112430339738,0.00814047438488252,554,7,1.76197242736816
"6","6",1107,19269,3985,"Enebakk","3220",0.0574497898178421,"3220 Enebakk",11482,59.5879391769163,13266,68.8463334890238,9.25839431210753,15.5373628287755,0.00705380264541532,0.0645035924632574,1243,136,5.01423311233521
"7","7",1297,33619,12092,"Vestre Slidre","3452",0.0385793747583212,"3452 Vestre Slidre",2112,6.28216187275053,2177,6.47550492281151,0.193343050060977,3.07765151515151,0.000162007204049976,0.0387413819623712,1302,5,6.30827283859253
"8","8",3907,143775,71219,"Orkland","5059",0.0271744044513998,"5059 Orkland",18793,13.0711180664232,19459,13.5343418535907,0.463223787167449,3.54387271856542,0.000383658492080385,0.0275580629434801,3962,55,12.8398962020874
"9","9",2960,225478,285182,"SÃ¸r-Varanger","5605",0.0131276665572694,"5605 Sør-Varanger",10063,4.46296312722305,10397,4.61109287824089,0.148129751017838,3.31908973467158,0.000124507878461767,0.0132521744357312,2988,28,10.0418996810913
"10","10",2205,80514,15016,"Nordre Land","3448",0.0273865414710485,"3448 Nordre Land",6510,8.08555033907147,6187,7.6843778721713,-0.401172466900166,-4.9615975422427,-0.000335301490439025,0.0270512399806095,2178,0,100
"11","11",1643,59994,105846,"Stad","4649",0.0273860719405274,"4649 Stad",9610,16.018268493516,9579,15.966596659666,-0.0516718338500528,-0.322580645161297,-4.26042827080322e-05,0.0273434676578194,1640,0,100
"12","12",877,18390,4192,"Jevnaker","3236",0.0476889613920609,"3236 Jevnaker",7037,38.2653616095704,8358,45.4486133768352,7.18325176726481,18.7722040642319,0.00567479289439415,0.0533637542864551,981,104,7.63302850723267
"13","13",670,21793,159736,"Ã˜ksnes","1868",0.0307438168219153,"1868 Øksnes",4569,20.9654476207957,4457,20.4515211306383,-0.513926490157392,-2.45130225432262,-0.000420420523097275,0.030323396298818,661,0,100
"14","14",2611,15851,4064,"Porsgrunn","4001",0.164721468677055,"4001 Porsgrunn",37193,234.641347549051,40193,253.567598258785,18.9262507097344,8.06603393111607,0.0110085367237113,0.175730005400766,2785,174,19.3027076721191
"15","15",666,82632,50242,"Tydal","5033",0.00805983154225966,"5033 Tydal",773,0.935472940265273,791,0.957256268757866,0.0217833284925937,2.32858990944373,1.84210469509064e-05,0.00807825258921056,668,2,3.87682366371155
"16","16",319,27986,147208,"Osen","5020",0.0113985564210677,"5020 Osen",898,3.20874723075824,867,3.09797756020868,-0.110769670549561,-3.4521158129176,-9.33232942696622e-05,0.011305233126798,316,0,100
"17","17",216,24341,256505,"Loppa","5614",0.00887391643728688,"5614 Loppa",864,3.54956657491475,1094,4.49447434369993,0.944907768785177,26.6203703703704,0.000794916569233541,0.00966883300652042,235,19,0.869164645671844
"18","18",493,7859,471,"Gjerdrum","3230",0.0627306273062731,"3230 Gjerdrum",7398,94.1341137549307,9468,120.473342664461,26.3392289095305,27.9805352798054,0.01874887094299,0.0814794982492631,640,147,9.85417366027832
"19","19",2097,82256,31887,"Nord-Fron","3436",0.0254935810153667,"3436 Nord-Fron",5586,6.79099397004474,5033,6.11870258704532,-0.672291382999417,-9.89974937343359,-0.000563258450891045,0.0249303225644756,2051,0,100
"20","20",456,20038,18386,"Hyllestad","4637",0.0227567621519114,"4637 Hyllestad",1268,6.32797684399641,1294,6.45773031240643,0.129753468410021,2.05047318611987,0.000108721259883836,0.0228654834117952,458,2,2.91629600524902
"21","21",1810,58005,6050,"Eidskog","3416",0.0312042065339195,"3416 Eidskog",6040,10.4128954400483,6129,10.566330488751,0.153435048702699,1.47350993377484,0.000127681356239423,0.0313318878901589,1817,7,8.35954761505127
"22","22",670,30174,5400,"VegÃ¥rshei","4212",0.0222045469609598,"4212 Vegårshei",2268,7.51640485185922,2680,8.88181878438391,1.36541393252469,18.1657848324515,0.00114061550562175,0.0233451624665815,704,34,3.08492612838745
"23","23",2683,39675,8137,"Lillehammer","3405",0.0676244486452426,"3405 Lillehammer",28768,72.5091367359798,32314,81.4467548834279,8.93761814744802,12.3261957730812,0.00667191357533675,0.0742963622205794,2948,265,12.3377208709717
"24","24",1489,66768,88788,"Rauma","1539",0.0223011023244668,"1539 Rauma",7299,10.9318835370237,7290,10.9184040258807,-0.0134795111430623,-0.123304562268802,-1.12088101160909e-05,0.0222898935143507,1488,0,100
"25","25",413,61410,62515,"Beiarn","1839",0.00672528904087282,"1839 Beiarn",1062,1.72936003908158,1018,1.65771047060739,-0.0716495684741898,-4.14312617702448,-6.05138200114922e-05,0.00666477522086133,409,0,100
"26","26",876,10275,109045,"HerÃ¸y","1515",0.0852554744525547,"1515 Herøy (Møre og Romsdal)",8968,87.279805352798,8518,82.9002433090024,-4.37956204379562,-5.01784121320249,-0.00322753054380125,0.0820279439087535,843,0,100
"27","27",591,14955,200374,"SmÃ¸la","1573",0.039518555667001,"1573 Smøla",2159,14.4366432631227,2162,14.4567034436643,0.0200601805416252,0.138953219082911,1.65827655554448e-05,0.0395351384325564,591,0,100
"28","28",3756,159772,65224,"Steinkjer","5006",0.023508499611947,"5006 Steinkjer",24032,15.041434043512,23004,14.3980171744736,-0.643416869038379,-4.27762982689747,-0.000531638182445181,0.0229768614295018,3671,0,100
"29","29",4314,130640,398156,"TromsÃ¸","5501",0.0330220453153705,"5501 Tromsø",78745,60.2763319044703,85028,65.0857317819963,4.80939987752602,7.97891929646326,0.00367321722895871,0.0366952625443292,4794,480,13.3503932952881
"30","30",1906,46151,5702,"Midt-Telemark","4020",0.0412992134514962,"4020 Midt-Telemark",10904,23.6267903187363,12795,27.7242096595957,4.09741934085935,17.3422597212032,0.00332438041564197,0.0446235938671381,2059,153,6.87164926528931
"31","31",596,24059,35566,"Leirfjord","1822",0.0247724344320213,"1822 Leirfjord",2352,9.77596741344196,2550,10.5989442620225,0.822976848580572,8.41836734693877,0.00068518989086625,0.0254576243228875,612,16,4.83380270004272
"32","32",2497,62959,12704,"Gran","3446",0.0396607315872234,"3446 Gran",13593,21.5902412681269,13973,22.1938086691339,0.603567401007005,2.79555653645259,0.000492780357112508,0.0401535119443359,2528,31,16.9135475158691
"33","33",623,8333,17337,"Ulstein","1516",0.0747629905196208,"1516 Ulstein",8861,106.336253450138,9708,116.500660026401,10.1644065762631,9.55874054847084,0.00718860846852296,0.0819515989881437,683,60,6.94973802566528
"34","34",5117,73794,5391,"Indre Ã˜stfold","3118",0.0693416808954658,"3118 Indre Østfold",47006,63.6989457137437,54053,73.2485025882863,9.54955687454264,14.9917031868272,0.00722613772938511,0.0765678186248509,5650,533,10.9880361557007
"35","35",2670,52653,31058,"Levanger","5037",0.050709361289955,"5037 Levanger - Levangke",20574,39.0746965984844,21670,41.1562494064916,2.08155280800714,5.32711188879167,0.00164911587708477,0.0523584771670398,2757,87,12.6467113494873
"36","36",1174,105019,119563,"Saltdal","1840",0.011178929527038,"1840 Saltdal",4880,4.64677820203963,4749,4.52203886915701,-0.124739332882621,-2.68442622950819,-0.000104839087701477,0.0110740904393365,1163,0,100
"37","37",2196,112096,44374,"Verdal","5038",0.0195903511276049,"5038 Verdal",15193,13.5535612332287,14986,13.3688980873537,-0.184663145874966,-1.36246955834925,-0.000152904010801558,0.0194374471168034,2179,0,100
"38","38",813,67438,128853,"VadsÃ¸","5607",0.0120555176606661,"5607 Vadsø",5807,8.61087220854711,5573,8.26388682938403,-0.346985379163083,-4.0296194248321,-0.00028974230820383,0.0117657753524623,793,0,100
"39","39",2366,29635,5449,"Hamar","3403",0.079838029357179,"3403 Hamar",32879,110.946515943985,38063,128.439345368652,17.4928294246668,15.7669028863408,0.0122149292459947,0.0920529586031738,2728,362,14.2404775619507
"40","40",393,16368,117409,"LurÃ¸y","1834",0.0240102639296188,"1834 Lurøy",1886,11.5224828934506,1940,11.852394916911,0.329912023460411,2.86320254506893,0.000273985778826523,0.0242842497084453,397,4,1.26534569263458
"41","41",1142,67207,31232,"Tokke","4034",0.016992277590132,"4034 Tokke",2212,3.29132382043537,2171,3.23031827041826,-0.0610055500171112,-1.85352622061482,-5.13877615244285e-05,0.0169408898286076,1139,0,100
"42","42",581,17383,11634,"Samnanger","4623",0.0334234597020077,"4623 Samnanger",2502,14.393372835529,2523,14.5141805211989,0.120807685669908,0.839328537170266,9.98645906986305e-05,0.0335233242927063,583,2,5.42586231231689
"43","43",4721,18367,3301,"BÃ¦rum","3201",0.257037077367017,"3201 Bærum",130921,712.805575216421,148099,806.332008493494,93.526433277073,13.1208896968401,0.0293499967165108,0.286387074083528,5260,539,29.0285739898682
"44","44",2447,67080,23565,"Nord-Aurdal","3451",0.0364788312462731,"3451 Nord-Aurdal",6562,9.78234943351222,6541,9.7510435301133,-0.0313059033989269,-0.320024382810122,-2.60829360237292e-05,0.0364527483102494,2445,0,100
"45","45",769,9178,85534,"Austevoll","4625",0.0837873174983657,"4625 Austevoll",5300,57.7467857921116,5218,56.853344955328,-0.893440836783618,-1.54716981132076,-0.000688315116209086,0.0830990023821566,763,0,100
"46","46",722,49587,147250,"Lom","3434",0.0145602678121282,"3434 Lom",2212,4.460846592857,1916,3.86391594571158,-0.596930647145422,-13.3815551537071,-0.000502057036617568,0.0140582107755106,697,0,100
"47","47",1287,32426,23691,"InderÃ¸y","5053",0.0396903719237649,"5053 Inderøy",6938,21.3964102880405,7346,22.6546598408684,1.25824955282798,5.88065724992795,0.00102706530603168,0.0407174372297966,1320,33,6.6140775680542
"48","48",831,45103,19957,"Bjerkreim","1114",0.0184244950446755,"1114 Bjerkreim",2892,6.41199033323726,3026,6.70908808726692,0.297097754029665,4.63347164591978,0.000248869790265695,0.0186733648349412,842,11,4.34183597564697
"49","49",185,13963,27895,"Modalen","4629",0.0132493017259901,"4629 Modalen",384,2.75012533123254,412,2.95065530330158,0.200529972069039,7.29166666666666,0.000169032736847237,0.0134183344628374,187,2,1.36901271343231
"50","50",1483,43979,34846,"Ã˜rsta","1520",0.0337206393960754,"1520 Ørsta",10958,24.9164373905728,10531,23.9455194524659,-0.970917938106822,-3.89669647745939,-0.000789365630797616,0.0329312737652778,1448,0,100
"51","51",2548,130142,343023,"Senja","5530",0.019578614129182,"5530 Senja",14894,11.4444222464692,14579,11.2023789399272,-0.242043306542085,-2.11494561568417,-0.000201135249832826,0.0193774788793491,2522,0,100
"52","52",3117,57568,8560,"Halden","3101",0.0541446637020567,"3101 Halden",31935,55.4735269594219,34707,60.2887020566982,4.81517509727626,8.68013151714419,0.00370618916423297,0.0578508528662897,3330,213,8.78284072875977
"53","53",2809,212533,243197,"Alta","5601",0.0132167710426146,"5601 Alta",21708,10.2139432464606,23062,10.8510207826549,0.637077536194379,6.23733185922241,0.000530107528774455,0.013746878571389,2922,113,11.8963165283203
"54","54",2374,190086,145548,"MÃ¥lselv","5524",0.0124890838883453,"5524 Målselv",6714,3.53208547709984,7087,3.72831244804983,0.196226970949991,5.55555555555556,0.000165187847969413,0.0126542717363147,2405,31,6.90079402923584
"55","55",3539,85643,397025,"BodÃ¸","1804",0.0413227000455379,"1804 Bodø",53712,62.7161589388508,56427,65.886295435704,3.17013649685322,5.05473637176051,0.00241491372327806,0.0437376137688159,3746,207,13.5296907424927
"56","56",1541,48933,7250,"Flesberg","3334",0.0314920401365132,"3334 Flesberg",2781,5.68328122126173,3275,6.69282488300329,1.00954366174157,17.7633944624236,0.000846195200142354,0.0323382353366555,1582,41,4.99800777435303
"57","57",985,22018,9139,"OsterÃ¸y","4630",0.0447361249886457,"4630 Osterøy",8200,37.2422563357253,8340,37.8780997365792,0.635843400853844,1.70731707317072,0.000505863889594799,0.0452419888782404,996,11,11.5435743331909
"58","58",1415,57631,42239,"Volda","1577",0.0245527580642363,"1577 Volda",11093,19.2483212160122,12551,21.7782096441151,2.52988842810293,13.1434237807626,0.00207026477570694,0.0266230228399432,1534,119,12.0476446151733
"59","59",1933,122608,65430,"Tynset","3427",0.0157656922876158,"3427 Tynset",5692,4.64243768758972,5708,4.65548740702075,0.0130497194310326,0.281096275474358,1.09666423923471e-05,0.0157766589300082,1934,1,9.05187225341797
"60","60",57,778,178601,"TrÃ¦na","1835",0.0732647814910026,"1835 Træna",442,56.8123393316195,567,72.879177377892,16.0668380462725,28.2805429864254,0.0122290184875797,0.0854937999785823,67,10,0.661323964595795
"61","61",467,34055,70329,"LÃ¸dingen","1851",0.0137131111437381,"1851 Lødingen",2060,6.04903832036412,2167,6.36323594185876,0.314197621494641,5.19417475728155,0.000263351040272957,0.013976462184011,476,9,2.24481081962585
"62","62",622,16635,165941,"BÃ¸","1867",0.0373910429816652,"1867 Bø (Nordland)",2634,15.834084761046,2630,15.8100390742411,-0.0240456868049286,-0.151860288534543,-1.98317136936074e-05,0.0373712112679716,622,0,100
"63","63",55,407,35840,"KvitsÃ¸y","1144",0.135135135135135,"1144 Kvitsøy",544,133.660933660934,680,167.076167076167,33.4152334152334,25,0.0222726280904227,0.157407763225558,64,9,0.82665491104126
"64","64",2165,159101,151500,"Vinje","4036",0.0136077083110728,"4036 Vinje",3851,2.42047504415434,3962,2.49024204750442,0.0697670033500732,2.88236821604778,5.8847981320314e-05,0.0136665562923932,2174,9,5.82530736923218
"65","65",1867,22594,2480,"Vestre Toten","3443",0.0826325573161016,"3443 Vestre Toten",13691,60.5957333805435,14816,65.5749313977162,4.97919801717271,8.2170769118399,0.00380043086130204,0.0864329881774037,1953,86,14.5228242874146
"66","66",3382,91676,11958,"Kongsvinger","3401",0.0368907893014529,"3401 Kongsvinger",18058,19.6976307866835,18346,20.0117806187006,0.314149832017105,1.59486100343339,0.000257357743552195,0.0371481470450051,3406,24,15.5450534820557
"67","67",1692,129430,75086,"Tinn","4026",0.0130727033917948,"4026 Tinn",5533,4.2748976280615,5157,3.98439310824384,-0.290504519817662,-6.7955900957889,-0.000244346461338768,0.012828356930456,1660,0,100
"68","68",1239,5923,5729,"Nesodden","3212",0.209184534864089,"3212 Nesodden",20521,346.462941077157,23653,399.341549890258,52.8786088131015,15.2624141123727,0.0258749201183767,0.235059454982466,1392,153,7.48164463043213
"69","69",2369,35587,115274,"Ã˜rland","5057",0.0665692528170399,"5057 Ørland",10522,29.5669767049765,11228,31.5508472194903,1.98387051451373,6.70975099790914,0.0015966271420362,0.0681658799590761,2426,57,13.5249366760254
"70","70",582,2272,6800,"Randaberg","1127",0.256161971830986,"1127 Randaberg",11742,516.81338028169,13892,611.443661971831,94.6302816901409,18.3103389541816,0.0367276159232361,0.292889587754222,665,83,14.2878379821777
"71","71",673,5514,1652,"RÃ¦lingen","3224",0.122052956111716,"3224 Rælingen",20099,364.508523757708,25355,459.829524845847,95.3210010881393,26.1505547539679,0.0443986120523259,0.166451568164042,918,245,19.3200607299805
"72","72",3479,59474,7636,"GjÃ¸vik","3407",0.0584961495779668,"3407 Gjøvik",30903,51.9605205636076,33447,56.2380199751152,4.27749941150755,8.2322104650034,0.00331254240610906,0.0618086919840759,3676,197,14.9225826263428
"73","73",1904,54053,235340,"Kinn","4602",0.0352246868813942,"4602 Kinn",17349,32.0962758773796,16489,30.5052448522746,-1.59103102510499,-4.95705804369128,-0.00127890087694949,0.0339457860044447,1835,0,100
"74","74",612,7189,17548,"Frosta","5036",0.0851300598136041,"5036 Frosta",2645,36.7923216024482,2872,39.9499234942273,3.15760189177911,8.58223062381853,0.00250878566479365,0.0876388454783978,630,18,6.46938276290894
"75","75",158,8501,150747,"Moskenes","1874",0.0185860487001529,"1874 Moskenes",954,11.2222091518645,1128,13.2690271732737,2.04681802140924,18.2389937106918,0.00169825495278533,0.0202843036529383,172,14,1.55521750450134
"76","76",2181,82373,42380,"Ringebu","3439",0.0264771223580542,"3439 Ringebu",4413,5.35733796268195,4221,5.12425187864956,-0.233086084032389,-4.35078178110129,-0.000195683975378452,0.0262814383826758,2165,0,100
"77","77",2826,74842,25226,"StjÃ¸rdal","5035",0.0377595467785468,"5035 Stjørdal",24717,33.0255738756313,26298,35.1380241041127,2.11245022848134,6.39640733098678,0.00169026181790038,0.0394498085964472,2953,127,12.8616895675659
"78","78",1031,31941,5505,"KrÃ¸dsherad","3318",0.0322782630474938,"3318 Krødsherad",2241,7.01606086221471,2334,7.30722269183808,0.291161829623368,4.14993306559572,0.000243650651502331,0.0325219136989961,1039,8,6.74560070037842
"79","79",1507,16692,68383,"Lillesand","4215",0.0902827701893122,"4215 Lillesand",11523,69.0330697340043,13372,80.110232446681,11.0771627126767,16.0461685325002,0.00830087099469536,0.0985836411840076,1646,139,6.9748649597168
"80","80",834,83180,44211,"MerÃ¥ker","5034",0.0100264486655446,"5034 Meråker",2454,2.95022842029334,2642,3.17624428949267,0.226015869199327,7.66096169519153,0.000190447056431418,0.010216895721976,850,16,6.19051837921143
"81","81",638,26963,12142,"SÃ¸rreisa","5526",0.0236620554092645,"5526 Sørreisa",3485,12.9251196083522,3422,12.691466083151,-0.233653525201202,-1.8077474892396,-0.000193680575441139,0.0234683748338234,633,0,100
"82","82",1320,45595,5235,"Nord-Odal","3414",0.0289505428226779,"3414 Nord-Odal",4992,10.9485689220309,4824,10.5801074679241,-0.368461454106809,-3.36538461538461,-0.000306474729044598,0.0286440680936333,1306,0,100
"83","83",892,84253,29348,"Grong","5045",0.010587160101124,"5045 Grong",2322,2.7559849500908,2466,2.92689874544527,0.170913795354468,6.20155038759688,0.00014407055028827,0.0107312306514123,904,12,3.82936000823975
"84","84",559,41255,34427,"Vaksdal","4628",0.0135498727426979,"4628 Vaksdal",3852,9.33705005453884,3614,8.76015028481396,-0.576899769724882,-6.17860851505712,-0.000481232281982122,0.0130686404607157,539,0,100
"85","85",1620,64461,16491,"Nesbyen","3322",0.0251314748452553,"3322 Nesbyen",3301,5.12092583112269,3050,4.73154310358201,-0.389382727540683,-7.60375643744319,-0.000327074011276643,0.0248044008339786,1599,0,100
"86","86",3519,30466,115387,"Ã…lesund","1508",0.115505809755137,"1508 Ålesund",58509,192.046871922799,62151,204.001181645113,11.9543097223134,6.22468338204379,0.0074256723607134,0.12293148211585,3745,226,13.3204174041748
"87","87",1227,51941,52897,"Aure","1576",0.0236229568163878,"1576 Aure",3408,6.56129069521188,3243,6.24362257176412,-0.317668123447758,-4.84154929577465,-0.000266171846780195,0.0233567849696076,1213,0,100
"88","88",653,53873,86751,"LÃ¦rdal","4642",0.0121210996231879,"4642 Lærdal",2160,4.00942958439292,2152,3.99457984519147,-0.0148497392014555,-0.370370370370376,-1.24929661403997e-05,0.0121086066570475,652,0,100
"89","89",438,30724,279542,"RÃ¸dÃ¸y","1836",0.0142559562556959,"1836 Rødøy",1139,3.70719958338758,982,3.19619841166515,-0.511001171722432,-13.784021071115,-0.000430300883924531,0.0138256553717713,425,0,100
"90","90",4120,69776,8552,"Skien","4003",0.0590460903462509,"4003 Skien",56619,81.143946342582,60551,86.779121761064,5.63517541848199,6.94466521838958,0.00416028166705824,0.0632063720133091,4410,290,21.6088848114014
"91","91",652,23932,134929,"Askvoll","4645",0.0272438575965235,"4645 Askvoll",2986,12.4770182182851,2788,11.6496740765502,-0.827344141734915,-6.63094440723376,-0.000686660898328782,0.0265571966981947,636,0,100
"92","92",2130,61763,88818,"Kvinnherad","4617",0.0344866667746062,"4617 Kvinnherad",13089,21.192299596846,11876,19.228340592264,-1.96395900458203,-9.26732370692949,-0.00160796225231818,0.032878704522288,2031,0,100
"93","93",678,77805,48709,"Valle","4221",0.00871409292461924,"4221 Valle",1205,1.54874365400681,1187,1.52560889402995,-0.0231347599768652,-1.49377593360996,-1.95443334579817e-05,0.00869454859116126,676,0,100
"94","94",787,3383,87399,"Giske","1532",0.232633757020396,"1532 Giske",8691,256.902157848064,9747,288.117055867573,31.2148980195093,12.150500517777,0.0174546465811477,0.250088403601544,846,59,7.10145902633667
"95","95",462,31451,96901,"Flatanger","5049",0.0146895170264856,"5049 Flatanger",1116,3.54837684016406,1210,3.84725445931767,0.298877619153604,8.42293906810036,0.000251572521481921,0.0149410895479676,470,8,1.91440796852112
"96","96",1622,6017,30536,"Haugesund","1106",0.269569552933355,"1106 Haugesund",38292,636.396875519362,41120,683.39704171514,47.0001661957787,7.38535464326753,0.0163832328806088,0.285952785813964,1721,99,23.9421234130859
"97","97",933,53249,63072,"Hjelmeland","1133",0.0175214558019869,"1133 Hjelmeland",2643,4.96347349245995,2680,5.03295836541531,0.0694848729553605,1.39992432841468,5.83588702161028e-05,0.017579814672203,936,3,4.28639364242554
"98","98",2628,107648,119765,"Oppdal","5021",0.0244129013079667,"5021 Oppdal",7389,6.86403834720571,7501,6.96808115338882,0.104042806183115,1.51576668020029,8.71013311915907e-05,0.0245000026391583,2637,9,16.9079113006592
"99","99",2074,92496,18397,"SÃ¸r-Aurdal","3449",0.0224225912471891,"3449 Sør-Aurdal",2836,3.06607853312576,2625,2.83796056045667,-0.228117972669088,-7.44005641748941,-0.000192254471216059,0.022230336775973,2056,0,100
"100","100",1157,59478,50042,"Gloppen","4650",0.0194525706984095,"4650 Gloppen",5926,9.96334779246108,5715,9.60859477453848,-0.354753017922594,-3.56058049274385,-0.000295557700936696,0.0191570129974728,1139,0,100
"101","101",2546,37188,8458,"Eidsvoll","3240",0.0684629450360331,"3240 Eidsvoll",27916,75.0672259868775,35067,94.296547273314,19.2293212864365,25.6161341166356,0.0141810221728404,0.0826439672088735,3073,527,11.0862989425659
"102","102",1787,45855,5820,"SÃ¸r-Odal","3415",0.0389706684112965,"3415 Sør-Odal",8112,17.6905462872097,9034,19.7012321448043,2.01068585759459,11.3658777120316,0.00165037932579518,0.0406210477370917,1863,76,5.64542722702026
"103","103",1402,7587,59381,"Kristiansund","1505",0.184789771978384,"1505 Kristiansund",24404,321.655463292474,24346,320.890997759325,-0.76446553314878,-0.237665956400582,-0.000400117696683522,0.184389654281701,1399,0,100
"104","104",2049,92687,385058,"NÃ¦rÃ¸ysund","5060",0.0221066600494136,"5060 Nærøysund",9968,10.7544747375576,9876,10.6552159418257,-0.0992587957318722,-0.922953451043343,-8.25686102199387e-05,0.0220240914391937,2041,0,100
"105","105",1346,8342,3202,"Frogn","3214",0.161352193718533,"3214 Frogn",16244,194.725485495085,18101,216.986334212419,22.260848717334,11.4319133218419,0.0136726435426968,0.17502483726123,1460,114,10.3851957321167
"106","106",1170,42310,76130,"Hadsel","1866",0.0276530371070669,"1866 Hadsel",8236,19.465847317419,8057,19.0427794847554,-0.423067832663673,-2.17338513841671,-0.000346932456734558,0.0273061046503323,1155,0,100
"107","107",452,19434,1959,"Siljan","4010",0.023258207265617,"4010 Siljan",2382,12.2568694041371,2674,13.7593907584645,1.50252135432747,12.2586062132662,0.00124505667183489,0.0245032639374518,476,24,3.64003658294678
"108","108",1373,6618,432,"LÃ¸renskog","3222",0.207464490782714,"3222 Lørenskog",48188,728.135388334844,63803,964.08280447265,235.947416137806,32.4043330289699,0.0680467390906299,0.275511229873344,1823,450,21.996265411377
"109","109",1289,33053,5386,"Vennesla","4223",0.0389979729525308,"4223 Vennesla",15452,46.7491604392945,17307,52.3613590294376,5.6121985901431,12.0049184571576,0.00437832426973186,0.0433762972222626,1434,145,6.31263780593872
"110","110",420,7982,37823,"Sande","1514",0.0526183913806064,"1514 Sande",2438,30.5437233775996,2375,29.7544475068905,-0.789275870709098,-2.58408531583266,-0.000635642193331027,0.0519827491872753,415,0,100
"111","111",1025,35532,5743,"Marker","3122",0.0288472362940448,"3122 Marker",3658,10.2949454013284,3988,11.2236856917708,0.928740290442418,9.02132312739202,0.000772503777698802,0.0296197400717436,1052,27,3.33747982978821
"112","112",340,10069,282069,"Vega","1815",0.0337670076472341,"1815 Vega",1208,11.9972191876055,1209,12.0071506604429,0.00993147283742246,0.082781456953648,8.24354988675745e-06,0.0337752511971208,340,0,100
"113","113",2035,36010,27563,"TysvÃ¦r","1146",0.056512079977784,"1146 Tysvær",11570,32.129963898917,12722,35.3290752568731,3.19911135795613,9.95678478824548,0.00256123374523406,0.059073313723018,2127,92,17.2604446411133
"114","114",1527,82964,40873,"Heim","5055",0.0184055735017598,"5055 Heim",6093,7.3441492695627,5893,7.10308085434646,-0.241068415216238,-3.28245527654685,-0.000201710325586707,0.0182038631761731,1510,0,100
"115","115",1895,20230,85808,"HÃ¥","1119",0.0936727632229362,"1119 Hå",19827,98.0079090459713,21551,106.529906080079,8.52199703410777,8.69521359761942,0.00611328978024385,0.0997860530031801,2019,124,14.0767154693604
"116","116",798,37673,112557,"GildeskÃ¥l","1838",0.0211822790858174,"1838 Gildeskål",1958,5.19735619674568,2304,6.11578584131872,0.918429644573036,17.6710929519918,0.000770513744565159,0.0219527928303826,827,29,2.83974766731262
"117","117",997,55766,15751,"Seljord","4022",0.0178782770863967,"4022 Seljord",2979,5.34196463795144,2930,5.25409747875049,-0.0878671592009468,-1.64484726418261,-7.37604533931867e-05,0.0178045166330035,993,0,100
"118","118",2384,92893,92547,"Hol","3330",0.0256639359262808,"3330 Hol",4496,4.83997717804356,4891,5.2651975929295,0.425220414885944,8.78558718861209,0.000357100860633543,0.0260210367869143,2417,33,10.0967407226562
"119","119",1334,15259,3071,"Time","1121",0.0874238154531752,"1121 Time",19910,130.480372239334,23350,153.024444590078,22.5440723507438,17.277749874435,0.0152217116896321,0.102645527142807,1566,232,18.7917861938477
"120","120",3747,52579,45161,"Alver","4631",0.0712641929287358,"4631 Alver",29986,57.0303733429696,31835,60.546986439453,3.51661309648338,6.16621089841925,0.00270273248747931,0.0739669254162151,3889,142,10.7389993667603
"121","121",629,27325,4600,"Aremark","3124",0.0230192131747484,"3124 Aremark",1347,4.9295516925892,1515,5.54437328453797,0.614821591948765,12.4721603563474,0.000516167742549279,0.0235353809172977,643,14,2.70006823539734
"122","122",817,23580,2122,"VÃ¥ler","3114",0.0346480067854114,"3114 Våler (Østfold)",6145,26.0602205258694,8431,35.754877014419,9.69465648854962,37.2009764035801,0.00779792918272267,0.042445935968134,1001,184,5.2451868057251
"123","123",3139,99315,15175,"Aurskog-HÃ¸land","3226",0.03160650455621,"3226 Aurskog-Høland",18058,18.1825504707245,20818,20.9615868700599,2.77903639933545,15.2840846162366,0.00227771687307204,0.0338842214292821,3365,226,5.27326345443726
"124","124",1441,17859,147871,"BÃ¸mlo","4613",0.0806876084887172,"4613 Bømlo",12268,68.6936558597906,11879,66.5154823898315,-2.17817346995912,-3.17085099445712,-0.00165049441207318,0.079037114076644,1412,0,100
"125","125",1771,13045,2107,"Vestby","3216",0.135760827903411,"3216 Vestby",19493,149.428899961671,24377,186.868532004599,37.4396320429283,25.0551480018468,0.0243023083501273,0.160063136253539,2088,317,9.16250610351562
"126","126",1396,95855,49456,"Surnadal","1566",0.0145636638672996,"1566 Surnadal",5953,6.21042199154974,5358,5.58969276511397,-0.620729226435762,-9.9949605241055,-0.000520545139276078,0.0140431187280235,1346,0,100
"127","127",1254,64159,115802,"Sunndal","1563",0.0195451924125999,"1563 Sunndal",7227,11.2642029956826,6812,10.6173724652816,-0.646830530401035,-5.74235505742355,-0.000537854131152132,0.0190073382814478,1219,0,100
"128","128",700,27721,28751,"Sauda","1135",0.0252516142996284,"1135 Sauda",4572,16.4929115111287,4162,15.0138883878648,-1.47902312326395,-8.96762904636921,-0.00121996686628114,0.0240316474333473,666,0,100
"129","129",1683,6688,8320,"Horten","3901",0.251644736842105,"3901 Horten",27939,417.748205741627,29859,446.456339712919,28.7081339712919,6.87211424889939,0.0130325247469185,0.264677261589024,1770,87,12.6257972717285
"130","130",1382,54777,9691,"Froland","4214",0.0252295671540975,"4214 Froland",6236,11.3843401427606,7459,13.6170290450372,2.2326889022765,19.6119307248236,0.00185168123735288,0.0270812483914504,1483,101,6.91123199462891
"131","131",981,38196,6720,"Rollag","3336",0.0256833176248822,"3336 Rollag",1395,3.65221489161169,1466,3.83809823018117,0.185883338569484,5.08960573476702,0.000156449993072436,0.0258397676179546,987,6,5.22577428817749
"132","132",5860,74856,81083,"Larvik","3909",0.0782836379181362,"3909 Larvik",48715,65.0782836379181,52651,70.3363791813615,5.2580955434434,8.07964692599814,0.00398364068007456,0.0822672785982107,6158,298,15.246148109436
"133","133",604,4399,47195,"Aukra","1547",0.13730393271198,"1547 Aukra",3678,83.6099113434872,4398,99.9772675608093,16.3673562173221,19.5758564437194,0.0119356687347813,0.149239601446761,657,53,5.7954158782959
"134","134",214,6289,164336,"Leka","5052",0.0340276673557004,"5052 Leka",604,9.60407059945937,704,11.1941485132772,1.59007791381778,16.5562913907285,0.00132338896211637,0.0353510563178168,222,8,1.81117355823517
"135","135",2993,137144,89077,"Sunnfjord","4647",0.0218237764685294,"4647 Sunnfjord",22450,16.3696552528729,22428,16.3536137198857,-0.0160415329872237,-0.0979955456570068,-1.32183516462128e-05,0.0218105581168832,2991,0,100
"136","136",615,5361,6935,"Sula","1531",0.114717403469502,"1531 Sula",9720,181.309457190823,10981,204.831188211155,23.521731020332,12.9732510288066,0.0147173905763194,0.129434794045821,694,79,11.5803842544556
"137","137",1207,52516,157416,"BrÃ¸nnÃ¸y","1813",0.0229834717038617,"1813 Brønnøy",7826,14.9021250666464,7395,14.0814228044786,-0.820702262167719,-5.50728341426015,-0.000678383109695839,0.0223050885941658,1171,0,100
"138","138",267,29725,358541,"MÃ¥sÃ¸y","5618",0.00898233809924306,"5618 Måsøy",1113,3.74432296047098,1334,4.48780487804878,0.743481917577797,19.8562443845463,0.000625364989292279,0.00960770308853534,286,19,1.06714129447937
"139","139",1128,38783,23847,"Gjesdal","1122",0.0290849083361267,"1122 Gjesdal",12362,31.8747905009927,14007,36.1163396333445,4.2415491323518,13.3069082672707,0.00339433465285724,0.0324792429889839,1260,132,10.017484664917
"140","140",157,18811,47291,"Vevelstad","1816",0.00834618042634629,"1816 Vevelstad",480,2.55169847429695,534,2.83876455265536,0.287066078358407,11.25,0.000242040082555167,0.00858822050890145,162,5,1.49236440658569
"141","141",965,64544,39501,"Os","3430",0.0149510411502231,"3430 Os",1891,2.92978433316807,1876,2.90654437283094,-0.0232399603371345,-0.793231094658915,-1.95874170188857e-05,0.0149314537332042,964,0,100
"142","142",2208,6290,50244,"Sola","1124",0.351033386327504,"1124 Sola",28685,456.0413354531,33906,539.046104928458,83.0047694753578,18.2011504270525,0.0348183884118486,0.385851774739353,2427,219,27.2357749938965
"143","143",404,11569,28722,"Nesna","1828",0.0349209093266488,"1828 Nesna",1808,15.6279713026191,2235,19.3188693923416,3.69089808972254,23.6172566371682,0.0030356949736987,0.0379566043003475,439,35,2.79275441169739
"144","144",1115,57006,79436,"Dovre","3431",0.0195593446303898,"3431 Dovre",2503,4.39076588429288,2462,4.31884363049504,-0.0719222537978457,-1.63803435876947,-6.0471589710872e-05,0.0194988730406789,1112,0,100
"145","145",1785,97738,76435,"Balsfjord","5532",0.0182631115840308,"5532 Balsfjord",5571,5.6999324725286,5655,5.78587652704168,0.0859440545130861,1.50780829294561,7.20919977221035e-05,0.0183352035817529,1792,7,5.35145282745361
"146","146",1521,33622,3315,"LÃ¸ten","3412",0.0452382368687169,"3412 Løten",7929,23.5827731842246,8558,25.4535720659092,1.87079888168461,7.93290452768318,0.0015207580887463,0.0467589949574632,1572,51,10.8599786758423
"147","147",2992,40261,8468,"Holmestrand","3903",0.0743150940115745,"3903 Holmestrand",26872,66.7444921884702,33427,83.0257569359926,16.2812647475224,24.393420660911,0.0121948419627638,0.0865099359743382,3483,491,8.14818096160889
"148","148",1791,27131,78808,"KragerÃ¸","4014",0.0660130478050938,"4014 Kragerø",10445,38.4983966680181,10069,37.1125281043824,-1.38586856363569,-3.59980852082335,-0.00110212484105377,0.06491092296404,1761,0,100
"149","149",1033,59906,90593,"Vang","3454",0.0172436817681034,"3454 Vang",1645,2.74596868427203,1976,3.29850098487631,0.55253230060428,20.1215805471125,0.000465610869163222,0.0177092926372666,1061,28,3.89190006256104
"150","150",247,8807,165963,"Solund","4636",0.0280458726013398,"4636 Solund",750,8.51595321903032,778,8.83388213920745,0.317928920177133,3.73333333333335,0.000265373330128142,0.028311245931468,249,2,1.34420931339264
"151","151",1231,53482,17366,"Kviteseid","4028",0.0230170898620096,"4028 Kviteseid",2458,4.59593882053775,2513,4.69877715867021,0.102838338132456,2.23759153783563,8.64228798208629e-05,0.0231035127418305,1236,5,4.6520938873291
"152","152",608,33687,12433,"HÃ¦gebostad","4226",0.01804850535815,"4226 Hægebostad",1776,5.27206340724909,1691,5.01974055273548,-0.25232285451361,-4.78603603603603,-0.000211867827749216,0.0178366375304008,601,0,100
"153","153",2977,126070,81985,"Voss","4621",0.0236138653129214,"4621 Voss",16471,13.0649639089395,17546,13.9176647894027,0.852700880463235,6.526622548722,0.000706014350011275,0.0243198796629327,3066,89,13.6070652008057
"154","154",621,49122,47945,"Vik","4639",0.0126419934041774,"4639 Vik",2551,5.19319245959041,2170,4.41757257440658,-0.775619885183828,-14.9353194825559,-0.000651638701686237,0.0119903547024911,589,0,100
"155","155",1756,68464,49015,"Ã…l","3328",0.0256485160084132,"3328 Ål",5007,7.31333255433513,5242,7.65657863986913,0.343246085534003,4.69342919912122,0.000287079603325923,0.0259355956117391,1776,20,9.36352062225342
"156","156",1127,10128,5773,"RÃ¥de","3112",0.111275671406003,"3112 Råde",7883,77.8337282780411,9594,94.7274881516588,16.8937598736177,21.704934669542,0.0124270303093146,0.123702701715318,1253,126,8.79425811767578
"157","157",449,13220,62706,"DÃ¸nna","1827",0.033963691376702,"1827 Dønna",1427,10.7942511346445,1378,10.4236006051437,-0.370650529500757,-3.43377715487037,-0.000308375981068559,0.0336553153956334,445,0,100
"158","158",2313,42805,32450,"BjÃ¸rnafjorden","4624",0.0540357434879103,"4624 Bjørnafjorden",26080,60.9274617451232,30340,70.8795701436748,9.95210839855157,16.3343558282209,0.00756184504215839,0.0615975885300687,2637,324,9.08136749267578
"159","159",2571,96097,7983,"Ã…snes","3418",0.0267542170931455,"3418 Åsnes",7339,7.63707503876292,7282,7.57775997169527,-0.0593150670676508,-0.776672571194991,-4.95989221048123e-05,0.0267046181710407,2566,0,100
"160","160",12514,41699,6372,"Oslo","0301",0.300103119978896,"0301 Oslo",717710,1721.16837334229,817225,1959.81918031607,238.650806973788,13.8656281785122,0.030918452774726,0.331021572753622,13803,1289,32.6704559326172
"161","161",745,22913,25323,"Tysnes","4616",0.0325142931960023,"4616 Tysnes",2922,12.7525858682844,2993,13.0624536289443,0.309867760659886,2.42984257357973,0.000256813536306782,0.0327711067323091,751,6,3.940016746521
"162","162",114,1381,181036,"VÃ¦rÃ¸y","1857",0.0825488776249095,"1857 Værøy",683,49.4569152787835,650,47.0673425054308,-2.38957277335265,-4.83162518301611,-0.00186812880778847,0.080680748817121,111,0,100
"163","163",511,10554,13519,"Fitjar","4615",0.0484176615501232,"4615 Fitjar",3203,30.3486829638052,3193,30.2539321584233,-0.094750805381846,-0.312207305650953,-7.62882340860326e-05,0.0483413733160371,510,0,100
"164","164",1243,65672,29113,"Rennebu","5022",0.018927396759654,"5022 Rennebu",2484,3.78243391399683,2396,3.64843464490194,-0.133999269094896,-3.5426731078905,-0.000112787068848141,0.0188146096908059,1236,0,100
"165","165",874,54685,152864,"SkjÃ¥k","3433",0.0159824449117674,"3433 Skjåk",2141,3.91515040687574,1767,3.23123342781384,-0.6839169790619,-17.4684726763195,-0.000575790674616999,0.0154066542371504,843,0,100
"166","166",214,3793,15066,"Bokn","1145",0.0564197205378328,"1145 Bokn",883,23.2797258107039,920,24.2552069601898,0.975481149485894,4.19026047565118,0.000793949630459284,0.0572136701682921,217,3,6.09668636322021
"167","167",1829,73677,10584,"Sigdal","3332",0.0248245721188431,"3332 Sigdal",3526,4.78575403450195,3582,4.86176147237265,0.0760074378707056,1.58820192853091,6.38558247042726e-05,0.0248884279435473,1834,5,5.5310230255127
"168","168",5144,40516,20151,"Sandefjord","3907",0.126962187777668,"3907 Sandefjord",66231,163.468753085201,73640,181.755355908777,18.2866028235759,11.1866044601471,0.0117900483395013,0.138752236117169,5622,478,17.7830467224121
"169","169",1364,92263,63167,"Sirdal","4228",0.0147838245016962,"4228 Sirdal",1873,2.03006622372999,1912,2.07233668968059,0.0422704659505975,2.08222103577148,3.56792163292278e-05,0.0148195037180255,1367,3,7.49438190460205
"170","170",1010,87386,25686,"Ã…mli","4217",0.011557915455565,"4217 Åmli",1802,2.06211521296318,1942,2.22232394205021,0.160208729087039,7.76914539400666,0.000135206510859974,0.0116931219664249,1022,12,3.01317524909973
"171","171",385,21208,25771,"DyrÃ¸y","5528",0.0181535269709544,"5528 Dyrøy",1073,5.05941154281403,1011,4.76706903055451,-0.292342512259524,-5.77819198508853,-0.000245567474655863,0.0179079594962985,380,0,100
"172","172",1609,62372,34605,"Ã˜ystre Slidre","3453",0.0257968319117553,"3453 Øystre Slidre",3298,5.28762906432373,3396,5.44475084974027,0.157121785416533,2.97149787750151,0.000131881379033905,0.0259287132907892,1617,8,6.8531551361084
"173","173",633,88182,53534,"Namsskogan","5044",0.00717833571477172,"5044 Namsskogan",810,0.91855480710349,920,1.04329681794471,0.124742010841215,13.5802469135803,0.000105481769010433,0.00728381748378216,642,9,2.00050377845764
"174","174",1081,135446,134960,"Bardu","5520",0.00798104041463018,"5520 Bardu",3986,2.94287022134282,4448,3.28396556561286,0.341095344270041,11.5905669844456,0.000287391755863588,0.00826843217049377,1120,39,6.3067774772644
"175","175",433,13705,65296,"SÃ¸mna","1812",0.0315943086464794,"1812 Sømna",1976,14.4180955855527,1891,13.7978839839475,-0.620211601605254,-4.30161943319838,-0.00051298921016083,0.0310813194363186,426,0,100
"176","176",1607,27725,78447,"Eigersund","1101",0.0579621280432822,"1101 Eigersund",15221,54.8999098286745,14857,53.5870153291253,-1.31289449954915,-2.39143288877209,-0.0010164796967311,0.0569456483465511,1579,0,100
"177","177",550,53417,99454,"Eidfjord","4619",0.0102963476046951,"4619 Eidfjord",968,1.81215717842634,987,1.84772637924256,0.0355692008162196,1.96280991735538,3.00341186771564e-05,0.0103263817233723,552,2,3.30289554595947
"178","178",909,71220,56487,"Folldal","3429",0.0127632687447346,"3429 Folldal",1532,2.15108115697838,1445,2.02892445942151,-0.122156697556866,-5.67885117493472,-0.000103101992859273,0.0126601667518754,902,0,100
"179","179",950,43790,54735,"Gulen","4635",0.0216944507878511,"4635 Gulen",2234,5.10162137474309,2304,5.26147522265357,0.159853847910482,3.13339301700986,0.000134216344360934,0.021828667132212,956,6,7.07014894485474
"180","180",798,5626,523520,"FrÃ¸ya","5014",0.141841450408816,"5014 Frøya",5453,96.9249911126911,6980,124.0668325631,27.1418414504088,28.00293416468,0.0192248864558999,0.161066336864716,906,108,2.90138506889343
"181","181",3148,61624,10791,"Stange","3413",0.0510839932493834,"3413 Stange",21605,35.0593924445021,24529,39.8042970271323,4.74490458263014,13.5339041888452,0.00377575773348925,0.0548597509828726,3381,233,12.1315116882324
"182","182",1573,31189,2889,"Nannestad","3238",0.0504344480425791,"3238 Nannestad",16126,51.7041264548399,22404,71.833018051236,20.1288915963962,38.9309190127744,0.0153971431890661,0.0658315912316452,2053,480,14.6477460861206
"183","183",3161,81458,147765,"Lindesnes","4205",0.0388052738834737,"4205 Lindesnes",23690,29.0824719487343,24610,30.2118883350929,1.12941638635861,3.88349514563107,0.000910328534252727,0.0397156024177264,3235,74,9.73855876922607
"184","184",33,454,85505,"Utsira","1151",0.0726872246696035,"1151 Utsira",215,47.3568281938326,305,67.1806167400881,19.8237885462555,41.8604651162791,0.0152741814245471,0.0879614060941506,40,7,0.495992958545685
"185","185",5245,23786,53829,"Stavanger","1103",0.220507861767426,"1103 Stavanger",149048,626.620701252838,161063,677.133608004709,50.5129067518709,8.06116150501853,0.0177626303092795,0.238270492076706,5668,423,25.3022174835205
"186","186",1429,90684,15572,"Drangedal","4016",0.0157580168497199,"4016 Drangedal",4086,4.50575625248114,3824,4.21684089806361,-0.288915354417538,-6.41213901125796,-0.000242914794922736,0.0155151020547972,1407,0,100
"187","187",975,14157,57690,"AverÃ¸y","1554",0.068870523415978,"1554 Averøy",5955,42.0639966094512,6417,45.3273998728544,3.26340326340326,7.75818639798488,0.00257034401992088,0.0714408674358988,1011,36,6.93710231781006
"188","188",816,62741,61956,"HÃ¸yanger","4638",0.0130058494445418,"4638 Høyanger",3879,6.18256004845316,3325,5.29956487783108,-0.882995170622081,-14.282031451405,-0.000740680581079791,0.0122651688634621,770,0,100
"189","189",1026,193550,102609,"Lierne","5042",0.00530095582536812,"5042 Lierne",1301,0.672177731852235,1109,0.572978558512012,-0.0991991733402222,-14.7578785549577,-8.3933662424118e-05,0.005217022162944,1010,0,100
"190","190",4498,247662,53767,"Trysil","3421",0.018161849617624,"3421 Trysil",6566,2.65119396596975,6094,2.46061164005782,-0.190582325911929,-7.1885470606153,-0.00016072754524644,0.0180011220723776,4458,0,100
"191","191",3663,24431,67434,"Arendal","4203",0.14993246285457,"4203 Arendal",46355,189.738447054971,48284,197.634153329786,7.89570627481478,4.16136339121993,0.00493554226418672,0.154868005118757,3784,121,15.3108177185059
"192","192",1887,27315,9767,"Bamble","4012",0.0690829214717188,"4012 Bamble",14269,52.2386966868021,14244,52.1471718835804,-0.0915248032216738,-0.175204989838112,-7.10969657202465e-05,0.0690118245059986,1885,0,100
"193","193",625,26555,14278,"Lund","1112",0.0235360572396912,"1112 Lund",3226,12.148371304839,3224,12.1408397665223,-0.00753153831670161,-0.0619962802231901,-6.25000814228997e-06,0.0235298072315489,625,0,100
"194","194",270,30201,280294,"Gamvik","5626",0.00894010132114831,"5626 Gamvik",1070,3.5429290420847,1366,4.52302903877355,0.980099996688852,27.6635514018692,0.000824507267464599,0.00976460858861291,295,25,1.21081781387329
"195","195",949,18049,68771,"Sokndal","1111",0.0525790902543077,"1111 Sokndal",3347,18.5439636544961,2993,16.5826361571278,-1.96132749736827,-10.5766357932477,-0.00161291060600856,0.0509661796482992,920,0,100
"196","196",829,84516,43502,"Fyresdal","4032",0.0098087936012116,"4032 Fyresdal",1256,1.48610913909792,1313,1.55355199015571,0.0674428510577878,4.53821656050955,5.69776498538755e-05,0.00986577125106548,834,5,3.25431251525879
"197","197",554,63204,127203,"Bindal","1811",0.00876526802101133,"1811 Bindal",1399,2.21346750205683,1209,1.91285361685969,-0.30061388519714,-13.5811293781272,-0.000253733921797725,0.0085115340992136,538,0,100
"198","198",350,38788,242781,"BÃ¥tsfjord","5632",0.00902340930184593,"5632 Båtsfjord",2113,5.44756110137156,2076,5.35217077446633,-0.0953903269052283,-1.75106483672503,-8.00620575900071e-05,0.00894334724425593,347,0,100
"199","199",3424,19126,115642,"KarmÃ¸y","1149",0.179023319042142,"1149 Karmøy",43306,226.424762103942,43353,226.670500888842,0.245738784900112,0.108529995843522,0.000146517524615225,0.179169836566757,3427,3,31.2325248718262
"200","200",515,48227,103410,"Aurland","4641",0.0106786654778444,"4641 Aurland",1800,3.7323490990524,2263,4.69239222841976,0.960043129367367,25.7222222222222,0.000807389918189012,0.0114860553960334,554,39,2.44145011901855
"201","201",4349,52852,61213,"Sandnes","1108",0.0822863846212064,"1108 Sandnes",83702,158.370544161054,93609,177.115340952093,18.7447967910391,11.8360373706722,0.0121729365800791,0.0944593212012855,4992,643,23.1021862030029
"202","202",2272,40582,116290,"Hustadvika","1579",0.0559854122517372,"1579 Hustadvika",13437,33.1107387511705,13391,32.997388004534,-0.113350746636442,-0.342338319565386,-9.08503813320839e-05,0.0558945618704051,2268,0,100
"203","203",891,60545,18614,"Hjartdal","4024",0.0147163266991494,"4024 Hjartdal",1630,2.69221240399703,1632,2.69551573210009,0.00330332810306366,0.122699386503061,2.78521115232386e-06,0.0147191119103017,891,0,100
"204","204",1455,94740,96118,"Suldal","1134",0.0153578214059531,"1134 Suldal",3889,4.10491872493139,3681,3.88537048765041,-0.219548237280979,-5.34841861661095,-0.000184706306811407,0.0151731150991417,1438,0,100
"205","205",530,40181,60723,"Ã…rdal","4643",0.0131903138299196,"4643 Årdal",5239,13.0385007839526,4441,11.0524874940892,-1.98601328986337,-15.2319144874976,-0.00164835792853127,0.0115419559013883,464,0,100
"206","206",363,21199,16283,"Gratangen","5516",0.0171234492193028,"5516 Gratangen - Rivtták",1070,5.0474078965989,1125,5.30685409689136,0.259446200292467,5.14018691588785,0.00021783761047361,0.0173412868297764,368,5,2.00164532661438
"207","207",1203,126155,93497,"Engerdal","3425",0.00953588839126471,"3425 Engerdal",1361,1.07883159605248,1578,1.25084221790654,0.172010621854068,15.9441587068332,0.000145406811282025,0.00968129520254674,1221,18,2.42595434188843
"208","208",463,4394,11796,"Austrheim","4632",0.105370960400546,"4632 Austrheim",2881,65.5666818388712,3240,73.7369139736004,8.17023213472918,12.4609510586602,0.00617073492917318,0.111541695329719,490,27,10.4538516998291
"209","209",2780,58808,5261,"Nes","3228",0.0472724799347028,"3228 Nes",24645,41.9075635967896,30209,51.3688613794042,9.46129778261461,22.5765875431122,0.00741637811240912,0.0546888580471119,3216,436,7.69446754455566
"210","210",382,19595,224334,"BerlevÃ¥g","5630",0.0194947690737433,"5630 Berlevåg",892,4.55218167899974,926,4.72569533044144,0.173513651441694,3.81165919282511,0.00014581879492485,0.0196405878686682,385,3,2.58601713180542
"211","211",1076,96971,68334,"Hemnes","1832",0.0110961008961442,"1832 Hemnes",4485,4.62509410029803,4237,4.36934753689247,-0.255746563405554,-5.52954292084727,-0.000214977755692156,0.0108811231404521,1055,0,100
"212","212",458,32443,377411,"Nordkapp","5620",0.0141170668557162,"5620 Nordkapp",2951,9.09595290201276,2954,9.10519988903616,0.00924698702339555,0.101660454083369,7.71288156809456e-06,0.0141247797372843,458,0,100
"213","213",1104,38118,7806,"Etnedal","3450",0.0289626947898631,"3450 Etnedal",1366,3.58360879374574,1452,3.80922398866677,0.225615194921034,6.29575402635431,0.000189906214327031,0.0291526010041901,1111,7,4.74228239059448
"214","214",3221,88086,111122,"Molde","1506",0.0365665372476898,"1506 Molde",32816,37.2545012828372,34602,39.2820652544105,2.02756397157324,5.44246708922477,0.00161121539780372,0.0381777526454935,3363,142,10.4938764572144
"215","215",1552,42311,10955,"Gol","3324",0.0366807685944553,"3324 Gol",4986,11.7841696012857,5535,13.0817045212829,1.29753491999717,11.0108303249098,0.00107623258297178,0.0377570011774271,1598,46,8.38585090637207
"216","216",1986,107433,95622,"Vefsn","1824",0.0184859400742789,"1824 Vefsn",13469,12.5371161561159,12752,11.869723455549,-0.667392700566865,-5.32333506570643,-0.000553777812659337,0.0179321622616195,1927,0,100
"217","217",2128,25585,68582,"Grimstad","4202",0.0831737346101231,"4202 Grimstad",24969,97.5923392612859,29383,114.84463552863,17.2522962673441,17.6779206215707,0.0123005710616026,0.0954743056717257,2443,315,9.66244888305664
"218","218",901,13078,6196,"Hole","3310",0.0688943263495947,"3310 Hole",6989,53.4408931029209,8570,65.5298975378498,12.0890044349289,22.6212619831163,0.00928090506337548,0.0781752314129702,1022,121,6.9123101234436
"219","219",1012,54420,92292,"Bykle","4222",0.0185961043733921,"4222 Bykle",1011,1.85777287761852,1425,2.61852260198456,0.760749724366042,40.9495548961424,0.000641922847193632,0.0192380272205858,1047,35,6.26229429244995
"220","220",672,33272,15540,"Fjaler","4646",0.0201971627795143,"4646 Fjaler",2869,8.62286607357538,3069,9.22397210867997,0.601106035104591,6.97107005925408,0.00050152995554328,0.0206986927350576,689,17,3.45033740997314
"221","221",1171,47288,11414,"Evje og Hornnes","4219",0.0247631534427339,"4219 Evje og Hornnes",3967,8.38902047030959,4368,9.23701573337845,0.847995263068855,10.1083942525838,0.000707652197486742,0.0254708056402206,1204,33,6.56022453308105
"222","222",1499,20276,18986,"Strand","1130",0.0739297691852436,"1130 Strand",13703,67.5823633852831,14711,72.5537581376997,4.97139475241664,7.35605341895934,0.00375222340588086,0.0776819925911245,1575,76,10.0640258789062
"223","223",2329,8354,77154,"FÃ¦rder","3911",0.278788604261432,"3911 Færder",27501,329.195594924587,30052,359.731864974862,30.5362700502753,9.27602632631541,0.0155017302444979,0.29429033450593,2459,130,20.1277942657471
"224","224",1011,59158,31364,"Nissedal","4030",0.0170898272423003,"4030 Nissedal",1471,2.48656141181243,1535,2.59474627269346,0.108184860881031,4.35078178110129,9.12400201507086e-05,0.017181067262451,1016,5,3.14800572395325
"225","225",1826,8478,13482,"AskÃ¸y","4627",0.215380986081623,"4627 Askøy",30145,355.567350790281,32853,387.508846426044,31.9414956357631,8.98324763642395,0.0156544370942125,0.231035423175836,1959,133,16.7613677978516
"226","226",410,42955,205800,"VardÃ¸","5634",0.00954487254103131,"5634 Vardø",1972,4.59085089046677,2136,4.97264579210802,0.381794901641253,8.31643002028398,0.000320778566015313,0.00986565110704662,424,14,2.68914556503296
"227","227",623,44952,18255,"Rindal","5061",0.0138592276205731,"5061 Rindal",1958,4.3557572521801,1636,3.63943762235273,-0.716319629827371,-16.4453524004086,-0.000602638481709047,0.013256589138864,596,0,100
"228","228",3082,70078,9254,"Kongsberg","3303",0.0439795656268729,"3303 Kongsberg",28848,41.1655583778076,32165,45.8988555609464,4.73329718313879,11.4981974486966,0.00372907510722771,0.0477086407341006,3343,261,12.4063358306885
"229","229",336,4382,221829,"HerÃ¸y","1818",0.0766773162939297,"1818 Herøy (Nordland)",1842,42.035600182565,1982,45.2304883614788,3.19488817891374,7.60043431053203,0.00251663708217801,0.0791939533761077,347,11,4.20556163787842
"230","230",542,9150,976,"Skiptvet","3116",0.0592349726775956,"3116 Skiptvet",3919,42.8306010928962,4740,51.8032786885246,8.97267759562842,20.9492217402399,0.00702558234684002,0.0662605550244356,606,64,6.33836936950684
"231","231",430,22102,4067,"Iveland","4218",0.0194552529182879,"4218 Iveland",1380,6.24377884354357,1639,7.4156184960637,1.17183965252013,18.768115942029,0.000981169857385334,0.0204364227756733,452,22,2.67891073226929
"232","232",1419,38853,37346,"Kvam","4622",0.0365222762721025,"4622 Kvam",8496,21.8670372944174,7812,20.1065554783414,-1.76048181607598,-8.05084745762713,-0.00143950593603367,0.0350827703360689,1363,0,100
"233","233",804,112796,87619,"Grane","1825",0.00712791233731693,"1825 Grane",1447,1.28284690946487,1416,1.2553636653782,-0.0274832440866699,-2.14236351071183,-2.3228482910498e-05,0.00710468385440643,801,0,100
"234","234",634,65278,117706,"SÃ¸rfold","1845",0.00971230736235792,"1845 Sørfold - Fuolldá",1858,2.84628818284874,1793,2.74671405373939,-0.0995741291093477,-3.4983853606028,-8.39416682245739e-05,0.00962836569413334,629,0,100
"235","235",4612,39913,5754,"LillestrÃ¸m","3205",0.115551324129983,"3205 Lillestrøm",94201,236.015834439907,113461,284.270788966001,48.2549545260943,20.4456428275708,0.0274527669759271,0.14300409110591,5708,1096,18.2296543121338
"236","236",1180,20373,17035,"Sveio","4612",0.0579197958081775,"4612 Sveio",5742,28.1843616551318,6092,29.9023217002896,1.71796004515781,6.0954371299199,0.0013860877471047,0.0593058835552822,1208,28,6.67523860931396
"237","237",1163,21072,85256,"Haram","1580",0.0551917236142749,"1580 Haram",9357,44.4048974943052,9685,45.9614654517844,1.55656795747912,3.50539702896227,0.00122301943108645,0.0564147430453613,1189,26,4.79641675949097
"238","238",714,25099,3393,"Hurdal","3242",0.0284473484999402,"3242 Hurdal",3041,12.116020558588,4000,15.9368899159329,3.82086935734491,31.5356790529431,0.00316075543432418,0.0316081039342644,793,79,3.43343615531921
"239","239",4488,29613,4913,"Drammen","3301",0.151555060277581,"3301 Drammen",104487,352.841657380205,115964,391.598284537196,38.7566271569918,10.9841415678505,0.0189787825491203,0.170533842826701,5050,562,19.7951850891113
"240","240",909,23302,16759,"Sykkylven","1528",0.0390095270792207,"1528 Sykkylven",7617,32.6881812719938,6868,29.4738649043001,-3.21431636769376,-9.83326769069188,-0.00258466899376439,0.0364248580854563,849,0,100
"241","241",743,52992,73006,"Fjord","1578",0.0140209842995169,"1578 Fjord",2492,4.70259661835749,2510,4.73656400966184,0.0339673913043477,0.722311396468696,2.85419048352649e-05,0.0140495262043522,745,2,3.27380728721619
"242","242",1638,101040,137568,"Ã…fjord","5058",0.0162114014251781,"5058 Åfjord",4339,4.2943388756928,4269,4.2250593824228,-0.0692794932699927,-1.61327494814475,-5.82589314408496e-05,0.0161531424937373,1632,0,100
"243","243",2492,46238,10027,"Ã˜stre Toten","3442",0.0538950646654267,"3442 Østre Toten",14840,32.0948137895238,15071,32.5944028720965,0.499589082572776,1.55660377358491,0.000400888137309371,0.0542959528027361,2511,19,13.6867761611938
"244","244",331,18265,56455,"Ulvik","4620",0.0181220914317,"4620 Ulvik",1089,5.96222283055023,1215,6.65206679441555,0.689843963865316,11.5702479338843,0.000578108191616728,0.0187001996233167,342,11,2.78637146949768
"245","245",1601,33404,245914,"AndÃ¸y","1871",0.0479283918093641,"1871 Andøy",4553,13.6301041791402,4301,12.8757035085618,-0.754400670578374,-5.53481221172853,-0.000624873784198428,0.0473035180251657,1580,0,100
"246","246",1286,89344,191249,"Luster","4644",0.0143938037249284,"4644 Luster",5371,6.01159563037249,5118,5.72842048710602,-0.283175143266476,-4.71048221932602,-0.000237483425306461,0.0141563202996219,1265,0,100
"247","247",4065,24490,771,"Ullensaker","3209",0.16598611678236,"3209 Ullensaker",43814,178.905675786035,57478,234.699877501021,55.7942017149857,31.1863787830374,0.0342337512042081,0.200219867986568,4903,838,18.2658042907715
"248","248",1536,17348,1280,"Nittedal","3232",0.0885404657597418,"3232 Nittedal",25882,149.192990546461,30903,178.135808162324,28.9428176158635,19.3995827215826,0.0189110680639896,0.107451533823731,1864,328,17.2047576904297
"249","249",79,638,336506,"RÃ¸st","1856",0.123824451410658,"1856 Røst",460,72.1003134796238,429,67.2413793103448,-4.858934169279,-6.73913043478261,-0.0036696722733603,0.120154779137298,77,0,100
"250","250",481,6401,7104,"Hareid","1517",0.0751445086705202,"1517 Hareid",5322,83.1432588658022,5629,87.9393844711764,4.79612560537416,5.76850807966929,0.00353200118382108,0.0786765098543413,504,23,6.62920904159546
"251","251",968,14792,8474,"Malvik","5031",0.065440778799351,"5031 Malvik",14783,99.9391563007031,17357,117.340454299621,17.4012979989183,17.4118920381519,0.0123602565581601,0.0778010353575111,1151,183,6.7508749961853
"252","252",5352,26438,29477,"Fredrikstad","3107",0.202435887737348,"3107 Fredrikstad",85230,322.376881761101,95318,360.534079733717,38.1571979726152,11.8362079080136,0.0194482422959717,0.221884130033319,5866,514,21.4849815368652
"253","253",6074,35484,17996,"Asker","3203",0.171175741179123,"3203 Asker",98815,278.477623717732,112954,318.323751549994,39.8461278322624,14.3085563932601,0.0215092013656414,0.192684942544764,6837,763,18.609130859375
"254","254",557,33074,31099,"Masfjorden","4634",0.0168410231601862,"4634 Masfjorden",1694,5.12184797726311,1765,5.33651811090282,0.214670133639717,4.19126328217237,0.000180226665753852,0.0170212498259401,563,6,3.32827401161194
"255","255",572,33914,36245,"KvÃ¦fjord","5510",0.0168661909535885,"5510 Kvæfjord",2845,8.38886595506281,3156,9.30589137229463,0.917025417231821,10.9314586994728,0.00076521367833203,0.0176314046319205,598,26,3.1566596031189
"256","256",1841,45879,18130,"Ã˜yer","3440",0.0401272913533425,"3440 Øyer",5124,11.1685084679265,5436,11.8485581638658,0.680049695939319,6.08899297423888,0.000564938140456718,0.0406922294937992,1867,26,14.9643335342407
"257","257",2069,159756,56834,"Stor-Elvdal","3423",0.01295100027542,"3423 Stor-Elvdal",2276,1.42467262575428,2500,1.56488645183905,0.140213826084779,9.84182776801407,0.000118461672179674,0.0130694619475997,2088,19,4.27230262756348
"258","258",2198,91276,27833,"Gausdal","3441",0.0240808098514396,"3441 Gausdal",6177,6.76738682676717,6021,6.59647662036023,-0.170910206406941,-2.52549781447304,-0.000143137028442361,0.0239376728229972,2185,0,100
"259","259",524,107223,465684,"Lebesby","5624",0.0048870111823023,"5624 Lebesby",1215,1.1331524020033,1308,1.21988752413195,0.0867351221286479,7.65432098765433,7.33188915571457e-05,0.00496033007385945,532,8,1.30125093460083
"260","260",2186,40448,5221,"Ã˜vre Eiker","3314",0.0540446993670886,"3314 Øvre Eiker",20779,51.3721321202532,25722,63.5927610759494,12.2206289556962,23.7884402521777,0.00941234050643398,0.0634570398735226,2567,381,10.7626705169678
"261","261",1808,51365,25127,"Vindafjord","1160",0.0351990655115351,"1160 Vindafjord",8938,17.4009539569746,8972,17.4671468899056,0.0661929329309849,0.380398299395843,5.44459041929291e-05,0.035253511415728,1811,3,5.64025735855103
"262","262",1845,125838,60205,"Midtre Gauldal","5027",0.0146617079101702,"5027 Midtre Gauldal",6140,4.87928924490217,5986,4.75690967752189,-0.122379567380282,-2.50814332247556,-0.000102815238014514,0.0145588926721557,1832,0,100
"263","263",698,32283,14767,"Gjemnes","1557",0.0216212867453458,"1557 Gjemnes",2700,8.3635349874547,2946,9.12554595297835,0.76201096552365,9.11111111111111,0.000635971495499387,0.0222572582408452,719,21,2.62779808044434
"264","264",1211,69014,156948,"Lesja","3432",0.0175471643434665,"3432 Lesja",1983,2.87333004897557,1707,2.47341119193207,-0.399918857043499,-13.9183055975794,-0.000337204491809069,0.0172099598516575,1188,0,100
"265","265",6033,57260,96940,"Kristiansand","4204",0.105361508906741,"4204 Kristiansand",116986,204.306671323786,139635,243.861334264757,39.554662940971,19.3604362915221,0.0236712760352425,0.129032784941984,7388,1355,13.8756952285767
"266","266",886,43701,149450,"Bremanger","4648",0.0202741356033043,"4648 Bremanger",3392,7.76183611359008,2771,6.34081599963388,-1.4210201139562,-18.3077830188679,-0.00118936234572111,0.0190847732575832,834,0,100
"267","267",1313,86896,36581,"Selbu","5032",0.0151100165715338,"5032 Selbu",4216,4.85177683667833,4481,5.15673909040692,0.304962253728595,6.28557874762809,0.000256128718639585,0.0153661452901734,1335,22,6.65794134140015
"268","268",1464,12155,10407,"Stord","4614",0.120444261620732,"4614 Stord",19287,158.675442204854,19505,160.468942821884,1.79350061703005,1.13029501736922,0.00117889404100456,0.121623155661737,1478,14,18.2531051635742
"269","269",3746,222127,236680,"Rana","1833",0.0168642263209785,"1833 Rana - Raane",25994,11.7023144417383,24114,10.8559517753357,-0.846362666402554,-7.23243825498192,-0.000703370126828962,0.0161608561941496,3590,0,100
"270","270",1176,20357,41551,"Tvedestrand","4213",0.0577688264479049,"4213 Tvedestrand",6323,31.0605688460972,7077,34.7644544873999,3.70388564130274,11.9247192788233,0.00296935592786782,0.0607381823757727,1236,60,6.13519906997681
"271","271",479,45251,30672,"HÃ¸ylandet","5046",0.0105854014275928,"5046 Høylandet",1222,2.7004928067888,1054,2.32923029325319,-0.371262513535612,-13.7479541734861,-0.000313125853378435,0.0102722755742143,465,0,100
"272","272",960,31101,17253,"Vanylven","1511",0.0308671746889168,"1511 Vanylven",3026,9.7295906884023,2585,8.31162985113019,-1.41796083727211,-14.5736946463979,-0.00118287591226827,0.0296842987766485,923,0,100
"273","273",2257,83323,59458,"Indre Fosen","5054",0.0270873588324952,"5054 Indre Fosen",10023,12.0290916073593,9501,11.4026139241266,-0.626477683232721,-5.20802155043401,-0.000520253254478969,0.0265671055780163,2214,0,100
"274","274",1185,5285,46562,"Hvaler","3110",0.224219489120151,"3110 Hvaler",4787,90.5771050141911,6101,115.439924314097,24.8628192999054,27.4493419678295,0.0178163736743496,0.242035862794501,1279,94,6.63412427902222
"275","275",382,21507,134662,"SkjervÃ¸y","5542",0.0177616589947459,"5542 Skjervøy",2794,12.9911191705026,2711,12.6051983075278,-0.385920862974846,-2.97065139584825,-0.000319903778077961,0.0174417552166679,375,0,100
"276","276",540,33277,18857,"Salangen","5522",0.0162274243471467,"5522 Salangen",2069,6.21750758782342,1977,5.94104035820537,-0.276467229618055,-4.44659255679072,-0.000231776101717712,0.015995648245429,532,0,100
"277","277",648,27774,102186,"Lyngen","5536",0.0233311730395334,"5536 Lyngen",2743,9.87614315546914,2499,8.99762367682005,-0.878519478649096,-8.89537003281079,-0.000732356221632413,0.022598816817901,628,0,100
"278","278",3177,21941,210040,"Ã˜ygarden","4626",0.144797411239232,"4626 Øygarden",39768,181.249715145162,44821,204.27965908573,23.0299439405679,12.7061959364313,0.0144160535774962,0.159213464816729,3493,316,15.1327953338623
"279","279",2088,44808,6915,"Modum","3316",0.046598821638993,"3316 Modum",14665,32.7285306195322,16382,36.5604356364935,3.83190501696126,11.7081486532561,0.00306323788161313,0.0496620595206062,2225,137,8.74587631225586
"280","280",1123,35338,239327,"MelÃ¸y","1837",0.0317788216650631,"1837 Meløy",6180,17.4882562680401,5407,15.30080932707,-2.18744694097006,-12.5080906148867,-0.00180237622679144,0.0299764454382717,1059,0,100
"281","281",2315,27478,3278,"Lier","3312",0.0842492175558629,"3312 Lier",28470,103.610160855957,34197,124.45228910401,20.842128248053,20.1159114857745,0.014681539804237,0.0989307573600999,2718,403,16.5776195526123
"282","282",1824,139907,110321,"Nore og Uvdal","3338",0.0130372318754601,"3338 Nore og Uvdal",2486,1.77689465144703,2370,1.69398243118643,-0.0829122202606016,-4.66613032984714,-7.0021071411158e-05,0.012967210804049,1814,0,100
"283","283",1172,37384,5595,"Nome","4018",0.0313503102931735,"4018 Nome",6539,17.4914401883159,6588,17.6225123047293,0.131072116413439,0.749350053525002,0.00010778908545786,0.0314580993786314,1176,4,6.91520977020264
"284","284",724,61934,26826,"Ã…seral","4224",0.0116898634029774,"4224 Åseral",923,1.49029612167792,832,1.34336551813221,-0.14693060354571,-9.85915492957746,-0.000124152811087509,0.0115657105918899,716,0,100
"285","285",806,79190,41765,"HoltÃ¥len","5026",0.0101780527844425,"5026 Holtålen",2035,2.56976891021594,1952,2.46495769667887,-0.104811213537062,-4.07862407862407,-8.83982625534889e-05,0.010089654521889,799,0,100
"286","286",58,450,46141,"Fedje","4633",0.128888888888889,"4633 Fedje",519,115.333333333333,605,134.444444444444,19.1111111111111,16.5703275529865,0.0132390424105526,0.142127931299442,64,6,0.915802836418152
"287","287",5101,134773,20744,"Ringerike","3305",0.0378488272873647,"3305 Ringerike",31581,23.4327350433692,35080,26.0289523866056,2.5962173432364,11.079446502644,0.00210970172026923,0.0399585290076339,5385,284,13.752010345459
"288","288",1631,61361,11465,"SÃ¸ndre Land","3447",0.0265804012320529,"3447 Søndre Land",5587,9.10513192418637,5933,9.66900800182526,0.563876077638891,6.19294791480222,0.000470100781770408,0.0270505020138233,1660,29,6.00639963150024
"289","289",1352,26239,2940,"Lunner","3234",0.0515263539006822,"3234 Lunner",9357,35.6606577994588,10220,38.949655093563,3.28899729410419,9.22304157315378,0.00261775888614387,0.0541441127868261,1421,69,10.9065322875977
"290","290",876,11461,47058,"Alstahaug","1820",0.0764331210191083,"1820 Alstahaug",7421,64.7500218131053,7290,63.6070150946689,-1.14300671843645,-1.76526074653013,-0.000870878253798571,0.0755622427653097,866,0,100
"291","291",6267,99026,28990,"Ringsaker","3411",0.0632864096297942,"3411 Ringsaker",35612,35.9622725344859,38036,38.4101145153798,2.44784198089391,6.80669437268338,0.00194865069296235,0.0652350603227565,6460,193,17.2466621398926
"292","292",9606,41400,15625,"Bergen","4601",0.232028985507246,"4601 Bergen",291940,705.169082125604,321493,776.553140096618,71.3840579710145,10.1229704733849,0.0228343222367176,0.254863307743964,10551,945,25.8241100311279
"293","293",1427,42103,112516,"Hitra","5056",0.0338930717526067,"5056 Hitra",5323,12.6428045507446,6356,15.0963114267392,2.45350687599458,19.4063498027428,0.00203015600949048,0.0359232277620972,1512,85,3.21750807762146
"294","294",912,57538,15489,"Overhalla","5047",0.0158503945218812,"5047 Overhalla",3924,6.81984080086204,4098,7.12224964371372,0.302408842851681,4.43425076452599,0.000253143634749827,0.016103538156631,927,15,4.74134349822998
"295","295",1589,40869,2609,"Rakkestad","3120",0.0388803249406641,"3120 Rakkestad",8420,20.602412586557,9392,22.9807433507059,2.37833076414887,11.5439429928741,0.00194210550892367,0.0408224304495877,1668,79,7.44708204269409
"296","296",2736,116140,17847,"Ã…mot","3422",0.0235577750990184,"3422 Åmot",4289,3.69295677630446,4856,4.18116066815912,0.488203891854658,13.2198647703427,0.000410767062927172,0.0239685421619456,2784,48,7.74661731719971
"297","297",3201,141080,268083,"Narvik","1806",0.0226892543237879,"1806 Narvik",21580,15.2962857952935,19973,14.1572157641055,-1.13907003118798,-7.44670991658943,-0.000941172241299262,0.0217480820824887,3068,0,100
"298","298",4187,36168,6537,"Sarpsborg","3105",0.115765317407653,"3105 Sarpsborg",59771,165.259345277593,66973,185.17197522672,19.9126299491263,12.0493215773536,0.0127892545211653,0.128554571928818,4650,463,16.8788604736328
"299","299",2852,19147,1988,"Nordre Follo","3207",0.148952838564788,"3207 Nordre Follo",63560,331.958009087586,73983,386.394735467697,54.4367263801117,16.3986784140969,0.0271149761441112,0.176067814708899,3371,519,16.4665603637695
"300","300",418,17082,42181,"Ibestad","5514",0.0244702025523943,"5514 Ibestad",1311,7.67474534597822,1302,7.62205830698981,-0.0526870389884087,-0.686498855835238,-4.40535636585197e-05,0.0244261489887358,417,0,100
"301","301",1470,69733,27450,"Kvinesdal","4227",0.0210804066941047,"4227 Kvinesdal",6192,8.8795835544147,6174,8.85377081152395,-0.0258127428907411,-0.290697674418612,-2.15387923947884e-05,0.0210588679017099,1468,0,100
"302","302",1050,58208,12223,"FlÃ¥","3320",0.0180387575590984,"3320 Flå",1115,1.91554425508521,1311,2.25226772952172,0.336723474436504,17.5784753363229,0.000284202344115743,0.0183229599032141,1067,17,3.31355476379395
"303","303",902,29433,21033,"Tingvoll","1560",0.0306458736792036,"1560 Tingvoll",3041,10.3319403390752,3158,10.7294533346924,0.397512995617165,3.84741861229859,0.000330768614821446,0.0309766422940251,912,10,4.23464965820312
"304","304",1102,32302,176437,"VÃ¥gan","1865",0.0341155346418178,"1865 Vågan",9793,30.3170082347842,10431,32.2921181351,1.97510990031577,6.51485755131217,0.00158762115923913,0.035703155801057,1153,51,4.70994710922241
"305","305",3814,111844,11096,"Elverum","3420",0.0341010693465899,"3420 Elverum",21761,19.4565645005543,22590,20.1977754729802,0.741210972425879,3.80956757501953,0.000607242563746446,0.0347083119103363,3882,68,12.2343893051147
"306","306",2929,12372,12830,"Moss","3103",0.236744261235047,"3103 Moss",52051,420.716133204009,60744,490.9796314258,70.2634982217912,16.7009279360627,0.0309901325269443,0.267734393761991,3312,383,14.6384544372559
"307","307",1241,54122,20080,"SÃ¸r-Fron","3438",0.0229296773955138,"3438 Sør-Fron",3119,5.7629060271239,3137,5.79616422157348,0.0332581944495765,0.577108047451099,2.78960730436713e-05,0.0229575734685575,1243,2,10.4069356918335
"308","308",1903,195689,122286,"Rendalen","3424",0.00972461405597658,"3424 Rendalen",1837,0.938734420432421,2055,1.05013567446305,0.11140125403063,11.8671747414262,9.41986791184794e-05,0.00981881273509505,1921,18,2.8059298992157
"309","309",936,47309,47134,"Stranda","1525",0.019784818956224,"1525 Stranda",4348,9.19064025872455,4298,9.08495212327464,-0.105688135449915,-1.14995400183993,-8.81486121398637e-05,0.0196966703440841,932,0,100
"310","310",236,32522,244224,"Hasvik","5616",0.00725662628374639,"5616 Hasvik",979,3.01026997109649,1189,3.65598671668409,0.645716745587602,21.4504596527068,0.000543850316963395,0.00780047660070978,254,18,1.52405548095703
"311","311",1507,9877,502,"Ã…s","3218",0.152576693327934,"3218 Ås",22005,222.790320947656,28182,285.32955350815,62.5392325604941,28.0708929788684,0.035888599633424,0.188465292961358,1861,354,15.6366243362427
"312","312",1616,77464,69830,"Sogndal","4640",0.0208613033150883,"4640 Sogndal",12319,15.9028710110503,13889,17.9296189197563,2.02674790870598,12.7445409529994,0.00166851117981051,0.0225298144948988,1745,129,5.22047710418701
"313","313",1463,59477,86563,"Stryn","4651",0.0245977436656186,"4651 Stryn",7271,12.2248936563714,7205,12.1139263917144,-0.110967264656926,-0.907715582450832,-9.20817813602585e-05,0.0245056618842584,1458,0,100
"314","314",303,12402,104850,"Flakstad","1859",0.0244315432994678,"1859 Flakstad",1229,9.90969198516368,1324,10.6756974681503,0.766005482986614,7.72986167615947,0.000637644241056085,0.0250691875405239,311,8,2.65733432769775
"315","315",2138,54971,14671,"Melhus","5028",0.038893234614615,"5028 Melhus",17560,31.9441159884303,19615,35.6824507467574,3.73833475832711,11.7027334851936,0.00299252929290839,0.0418857639075234,2303,165,10.6296300888062
"316","316",647,70084,518750,"KarlsÃ¸y","5534",0.00923177900804749,"5534 Karlsøy",2237,3.19188402488442,2541,3.62564922093488,0.433765196050454,13.589628967367,0.000365288948379205,0.00959706795642669,673,26,1.41679704189301
"317","317",900,42997,38372,"Etne","4611",0.0209316929088076,"4611 Etne",4072,9.47042816940717,3783,8.79828825266879,-0.672139916738377,-7.09724950884087,-0.000560597910009047,0.0203710949987985,876,0,100
"318","318",1577,9800,44869,"Klepp","1120",0.160918367346939,"1120 Klepp",20900,213.265306122449,24766,252.714285714286,39.4489795918367,18.4976076555024,0.0233114242880622,0.184229791635001,1805,228,21.2210540771484
"319","319",1960,102331,241226,"Ullensvang","4618",0.0191535311880075,"4618 Ullensvang",11017,10.7660435254224,10070,9.84061525832836,-0.925428267094038,-8.59580648089316,-0.000770338473434955,0.0183831927145726,1881,0,100
"320","320",1862,74472,9237,"Grue","3417",0.0250026855731013,"3417 Grue",4532,6.08550864754539,4533,6.08685143409604,0.00134278655064968,0.0220653133274454,1.12571101473519e-06,0.025003811284116,1862,0,100
"321","321",646,85193,45972,"Bygland","4220",0.00758278262298546,"4220 Bygland",1180,1.38509032432242,1341,1.57407298721726,0.188982662894839,13.6440677966102,0.000159668832939046,0.0077424514559245,660,14,1.95196914672852
"322","322",1647,22271,103021,"Farsund","4206",0.0739526738808316,"4206 Farsund",9876,44.3446634636972,9599,43.1008935386826,-1.24376992501459,-2.80477926285945,-0.000979581761818081,0.0729730921190135,1625,0,100
"323","323",1033,16222,41367,"RisÃ¸r","4201",0.0636789545062261,"4201 Risør",6825,42.0724941437554,6904,42.5594871162619,0.486992972506478,1.15750915750917,0.00038443403125242,0.0640633885374785,1039,6,6.83793687820435
"324","324",990,52394,41810,"Alvdal","3428",0.0188952933542009,"3428 Alvdal",2526,4.8211627285567,2359,4.50242394167271,-0.318738786883994,-6.61124307205067,-0.000267853933323755,0.0186274394208771,976,0,100
"325","325",2022,54828,32971,"Lyngdal","4225",0.0368789669511928,"4225 Lyngdal",10835,19.7618005398701,11439,20.8634274458306,1.10162690596046,5.57452699584679,0.000901786602313544,0.0377807535535064,2071,49,9.94528102874756
"326","326",1555,32277,178677,"VestvÃ¥gÃ¸y","1860",0.0481767202652043,"1860 Vestvågøy",11619,35.9977693094154,11800,36.5585401369396,0.560770827524244,1.55779326964455,0.000447078207316858,0.0486237984725212,1569,14,8.91725635528564
"327","327",2050,81275,17108,"Notodden","4005",0.0252230083051369,"4005 Notodden",13266,16.3223623500461,13535,16.6533374346355,0.330975084589358,2.02774008744159,0.000272668619965879,0.0254956769251028,2072,22,11.0198736190796
"328","328",657,28416,3791,"Gjerstad","4211",0.023120777027027,"4211 Gjerstad",2444,8.60078828828829,2423,8.52688626126126,-0.0739020270270263,-0.859247135842872,-6.16970944783014e-05,0.0230590799325487,655,0,100
"329","329",819,62378,286077,"Steigen","1848",0.013129629035878,"1848 Steigen",2672,4.28356151207156,2877,4.61220302029562,0.328641508224054,7.67215568862277,0.00027627545175618,0.0134059044876342,836,17,2.19345378875732
"330","330",821,162934,105497,"Aarborte - Hattfjelldal","1826",0.00503885008653811,"1826 Aarborte - Hattfjelldal",1284,0.788049148735071,1140,0.699669804951698,-0.0883793437833724,-11.214953271028,-7.47635161643038e-05,0.0049640865703738,809,0,100
"331","331",959,93118,188540,"HÃ¡bmer - HamarÃ¸y","1875",0.0102987607122146,"1875 Hábmer - Hamarøy",2729,2.93069009214115,2851,3.06170665177517,0.131016559634013,4.47050201539025,0.000110410585607503,0.0104091712978221,969,10,2.00062274932861
"332","332",1397,49162,60132,"Sortland - SuortÃ¡","1870",0.0284162564582401,"1870 Sortland - Suortá",10618,21.5979821813596,10529,21.4169480493064,-0.181034132053213,-0.838199284234325,-0.000147899214079417,0.0282683572441607,1390,0,100
"333","333",896,603934,366821,"Guovdageaidnu - Kautokeino","5612",0.00148360582447751,"5612 Guovdageaidnu - Kautokeino",2848,0.471574708494637,2550,0.422231568350184,-0.0493431401444529,-10.4634831460674,-4.17622693201606e-05,0.00144184355515735,871,0,100
"334","334",659,19067,19972,"Evenes - EvenÃ¡Å¡Å¡i","1853",0.0345623328263492,"1853 Evenes - Evenássi",1330,6.97540252792783,1467,7.69392143493995,0.718518907012115,10.3007518796992,0.00060109741023473,0.0351634302365839,670,11,6.27858972549438
"335","335",389,78314,85427,"UnjÃ¡rga - Nesseby","5636",0.00496718338994305,"5636 Unjárga - Nesseby",859,1.09686646065838,944,1.20540388691677,0.108537426258396,9.895227008149,9.17527464164768e-05,0.00505893613635953,396,7,1.90449953079224
"336","336",1189,70768,62258,"VÃ¥gÃ¥","3435",0.0168013791544201,"3435 Vågå",3531,4.98954329640515,3063,4.32822744743387,-0.661315848971286,-13.2540356839422,-0.000555743255458832,0.0162456358989612,1150,0,100
"337","337",784,418595,126685,"KÃ¡rÃ¡Å¡johka - Karasjok","5610",0.00187293207037829,"5610 Kárásjohka - Karasjok",2565,0.612764127617387,2321,0.554473894814797,-0.0582902328025896,-9.51267056530214,-4.93233490770365e-05,0.00182360872130125,763,0,100
"338","338",1375,51613,77777,"Fauske - Fuossko","1841",0.0266405750489218,"1841 Fauske - Fuossko",9827,19.0397768004185,9644,18.6852149652219,-0.354561835196559,-1.86221634272922,-0.000290944792930965,0.0263496302559908,1360,0,100
"339","339",1785,54241,36245,"Sel","3437",0.032908685311849,"3437 Sel",5756,10.6118987481794,5359,9.87998008886267,-0.731918659316753,-6.89715079916608,-0.000609317259049447,0.0322993680527995,1752,0,100
"340","340",1265,217598,219012,"Deatnu - Tana","5628",0.00581347255029918,"5628 Deatnu - Tana",2807,1.28999347420473,2838,1.30423992867582,0.014246454471089,1.1043819023869,1.20403485739135e-05,0.00582551289887309,1268,3,4.31411695480347
"341","341",1096,51332,51236,"Dielddanuorri - Tjeldsund","5512",0.0213512039273747,"5512 Dielddanuorri - Tjeldsund",4281,8.33982700849373,4448,8.66516013402945,0.325333125535728,3.90095772015884,0.000271632331572094,0.0216228362589468,1110,14,4.74783563613892
"342","342",1845,127199,68460,"Rosse - RÃ¸ros","5025",0.0145048310128224,"5025 Røros - Rosse",5685,4.46937475923553,6018,4.73116927019866,0.261794510963136,5.85751978891819,0.000220023328851294,0.0147248543416737,1873,28,7.97555065155029
"343","343",341,89854,68631,"Raarvihke - RÃ¸yrvik","5043",0.00379504529570192,"5043 Raarvihke - Røyrvik",423,0.470763683308478,383,0.426247022948338,-0.0445166603601398,-9.45626477541371,-3.7677207197697e-05,0.00375736808850422,338,0,100
"344","344",219,19796,12650,"LoabÃ¡k - Lavangen","5518",0.0110628409779753,"5518 Loabák - Lavangen",986,4.98080420286927,851,4.29884825217216,-0.681955950697111,-13.6916835699797,-0.000573106800742523,0.0104897341772328,208,0,100
"345","345",1018,159758,208385,"Nordreisa - RÃ¡isa - Raisi","5544",0.006372137858511,"5544 Nordreisa - Ráisa - Raisi",4794,3.00078869289801,4642,2.90564478774146,-0.095143905156549,-3.17062995410929,-8.01857206454404e-05,0.00629195213786556,1005,0,100
"346","346",1439,124120,413064,"Hammerfest - HÃ¡mmerfeasta","5603",0.0115936190783113,"5603 Hammerfest - Hámmerfeasta",11338,9.1347083467612,11125,8.96310022558814,-0.171608121173058,-1.87863820779679,-0.000143150206406775,0.0114504688719045,1421,0,100
"347","347",1949,32768,119268,"Harstad - HÃ¡rsttÃ¡k","5503",0.059478759765625,"5503 Harstad - Hárstták",25056,76.46484375,24318,74.212646484375,-2.252197265625,-2.94540229885057,-0.00168563208484793,0.0577931276807771,1894,0,100
"348","348",462,23278,88262,"GÃ¡ivuotna - KÃ¥fjord - Kaivuono","5540",0.0198470658991322,"5540 Gáivuotna - Kåfjord - Kaivuono",1974,8.48010997508377,1758,7.55219520577369,-0.927914769310079,-10.9422492401216,-0.000775383644966121,0.0190716822541661,444,0,100
"349","349",863,159619,74653,"SnÃ¥ase - SnÃ¥sa","5041",0.00540662452464932,"5041 Snåase - Snåsa",2114,1.3244037363973,1996,1.25047770002318,-0.0739260363741159,-5.58183538315989,-6.24793925524515e-05,0.00534414513209687,853,0,100
"350","350",694,55774,104772,"Storfjord - Omasvuotna - Omasvuono","5538",0.0124430738336859,"5538 Storfjord - Omasvuotna - Omasvuono",1825,3.27213396923298,1745,3.12869795962276,-0.143436009610213,-4.38356164383561,-0.000120835033736242,0.0123222387999497,687,0,100
"351","351",2551,159937,99573,"Namsos - NÃ¥avmesjenjaelmie","5007",0.0159500303244402,"5007 Namsos - Nåavmesjenjaelmie",15083,9.43058829414082,14250,8.90975821729806,-0.520830076842756,-5.52277398395544,-0.000434371859576339,0.0155156584648639,2482,0,100
"352","352",7392,44484,26936,"Trondheim - TrÃ¥ante","5001",0.166172106824926,"5001 Trondheim - Tråante",214565,482.341965650571,250341,562.766387914756,80.4244222641848,16.6737352317479,0.0327507035674491,0.198922810392375,8849,1457,21.2463436126709
"353","353",1588,247183,352411,"Porsanger - PorsÃ¡Å‹gu - Porsanki","5622",0.00642439002682223,"5622 Porsanger - Porsángu - Porsanki",3889,1.57332826286597,3617,1.46328833293552,-0.110039929930456,-6.99408588326048,-9.29651201737102e-05,0.00633142490664852,1565,0,100
"354","354",854,67579,44669,"Tolga","3426",0.0126370618091419,"3426 Tolga",1604,2.3735184006866,1477,2.18559019813847,-0.187928202548129,-7.91770573566086,-0.000158563251461226,0.0124784985576807,843,0,100
"355","355",1202,36547,38804,"Hemsedal","3326",0.0328891564287082,"3326 Hemsedal",2666,7.29471639259036,3475,9.50830437518811,2.21358798259775,30.3450862715679,0.00184851976103456,0.0347376761897428,1270,68,6.52499532699585
"356","356",1680,62083,8459,"VÃ¥ler","3419",0.0270605479760965,"3419 Våler (Innlandet)",3615,5.82285005557077,3502,5.64083565549345,-0.182014400077316,-3.12586445366528,-0.000152681026585136,0.0269078669495114,1671,0,100
"357","357",1208,54224,9494,"Birkenes","4216",0.0222779580997344,"4216 Birkenes",5480,10.1062260253762,6251,11.5281056358808,1.42187961050457,14.0693430656934,0.00118257056696544,0.0234605286666999,1272,64,4.18306159973145
